4e396f8a-5599-44e3-92e4-14e87e1db034,Nonie,Baudinelli,nbaudinelli0@cisco.com,M,S,
b0a1a974-a0c0-4950-80b6-2e6f9f2d5a1d,Kellby,Hiley,khiley1@aol.com,M,M,
551d22da-a6ed-48bd-b561-963eeda8d81b,Siward,O' Culligan,soculligan2@arstechnica.com,M,M,No pork/beef
cbbb4da7-d452-4140-a5a8-22b6e192ba39,Lowe,Strognell,lstrognell3@wikispaces.com,M,S,
1dbbf9ca-b511-47f4-ad10-ada80387b137,Kassi,Flinders,kflinders4@house.gov,M,M,
ba66d642-7d46-4b92-8157-eaa61b50e5ef,Stefan,McGarahan,smcgarahan5@wordpress.com,F,L,
7adc24ce-08c2-4b52-9202-b9f8a6151b86,Alicia,Cherrie,acherrie6@dailymail.co.uk,M,S,
dec2bb4d-6bf9-4190-a9b4-8c0ba94737e8,Truman,Pomery,tpomery7@psu.edu,M,XS,
dde4e1b6-191a-4664-bbce-71620927438d,Bev,Ciardo,bciardo8@deliciousdays.com,M,XXL,
7cd592ff-9f43-4cec-a428-311bdd7d2997,Rossie,McElvogue,rmcelvogue9@blogs.com,F,S,Vegan
befee48c-8edc-45fd-a644-e23b427499ef,Merci,Nias,mniasa@phoca.cz,M,S,
6a888712-a0d3-460f-a78a-a99bfcbfbade,Uriah,Cordsen,ucordsenb@umich.edu,M,XS,
4f8d9d9e-4550-4e26-a530-26829ead58c1,Dilly,Litherland,dlitherlandc@digg.com,M,XS,Halal
118fbabd-70b8-4f1c-b453-47e1ed3ca8b8,Mata,Ca,mcad@foxnews.com,M,XXL,
79957978-a1ab-4154-ae1e-e830f7476488,Goldi,Kettlestringe,gkettlestringee@google.co.jp,M,S,Halal
56549faf-d8d4-46c2-a8b8-cec18be5f9ee,Lavinia,Brothwood,lbrothwoodf@sohu.com,M,XL,
ebc69900-59c1-493f-be0d-d05abd42b293,Portia,Ianinotti,pianinottig@google.co.jp,F,XS,Vegan
ec8200a4-9e5e-4828-b907-46cf9be81b4c,Chantal,Bram,cbramh@goo.ne.jp,M,S,No pork
bfa40adc-f011-4a9c-a792-fe8a7924550e,Claudetta,Janiszewski,cjaniszewskii@amazon.de,M,S,
dac3efba-2d46-498b-8edb-29b40d478eb8,Kellen,Storks,kstorksj@google.com.hk,F,S,No pork/beef
fd14dff0-c181-45c7-b606-fcafd92c47b6,Elisa,Cherrett,echerrettk@about.com,F,M,Vegan
6970023c-fa25-419a-8ffb-afdfa3743816,Dotty,Hegley,dhegleyl@hugedomains.com,M,M,
7fa64453-8608-4b24-b39a-0890f0b0561b,Monte,Foresight,mforesightm@arizona.edu,M,XS,
2e11aa68-8de6-4188-9e73-6bb7bd585206,Frankie,Puckrin,fpuckrinn@google.com.au,M,M,
b05162f5-1a62-4f56-a8ba-20836559b428,Kristian,Patty,kpattyo@tmall.com,F,XS,No pork
107d5f9b-78d0-49fa-9b9f-8a966fb61313,Duffy,Seagrove,dseagrovep@jalbum.net,F,S,
3b5684e0-aaf2-499e-98fc-45982c3df1c3,Tamas,Wetherhead,twetherheadq@dailymail.co.uk,M,S,
c2da5c46-6345-4449-b4a4-2cd4b8ece21c,Aubine,Bowyer,abowyerr@deviantart.com,M,XS,
bb158009-6d5b-4c90-a8f0-2cd51fc5da90,Ileana,Meedendorpe,imeedendorpes@un.org,M,XL,
80447f35-fd7e-4f66-ba79-0c9aea125ae9,Eldon,Darte,edartet@friendfeed.com,M,XS,
d4ee6ea8-ec9c-4a32-98cf-8deee9486667,Walther,Mainstone,wmainstoneu@networkadvertising.org,F,M,
91051119-76e1-4e92-ba29-68187ec166f7,Erskine,Brecher,ebrecherv@t-online.de,M,XXL,No pork
469fd925-e63f-4d14-9bd3-e9f93bf5a0c4,Gunther,Ellcock,gellcockw@sitemeter.com,M,S,Vegetarian
964f1d39-3d11-48a0-9570-b090627930e7,Munmro,Lawlan,mlawlanx@wordpress.com,M,M,
24de2528-dc39-4836-8178-3042bb83b274,Jerry,Bodycombe,jbodycombey@ftc.gov,M,M,
a40779bd-2521-4c9d-9c45-a9daafc2a3fa,Libbey,Stonall,lstonallz@skype.com,F,XS,
a32fbd75-a7b2-4215-bd82-9a27113c23d6,Toinette,Spilsted,tspilsted10@msu.edu,M,S,
4002b9c0-dc94-496e-a5bc-a28d0da061c2,Raquela,Gostyke,rgostyke11@deliciousdays.com,M,M,
0c365b32-935a-4f6e-9fdc-cd1323922248,Burg,McCord,bmccord12@so-net.ne.jp,M,XXL,
84e40745-3c0c-406c-827b-6f0e6348124c,Vassily,Rivard,vrivard13@ihg.com,F,XS,
65bf5957-a5d6-4cab-82c0-64252fc20951,Kerwinn,Mc Gaughey,kmcgaughey14@wunderground.com,M,S,No pork/beef
ec399d92-c6d4-40ad-a929-f7a9d240219c,Manya,Sallier,msallier15@umn.edu,M,XL,
6190cfdb-fd17-4b8f-9e0f-0718b2c9b74d,Bellanca,Edson,bedson16@macromedia.com,M,XS,
e0fdbfb4-7b40-4059-9103-413eb60f8adb,Cecil,Kristufek,ckristufek17@ted.com,M,M,
92a70c69-2f51-4468-a8fd-2a9fd93d30fa,Moss,Pawfoot,mpawfoot18@europa.eu,F,S,
bef80efc-a476-4bde-a51c-f7e3af7cc6a6,Salome,Scupham,sscupham19@mayoclinic.com,M,XXL,No pork/beef
0dabadae-3a35-4365-beed-e85bc3a4d1fd,Davidde,Rudsdale,drudsdale1a@google.ru,M,XS,Vegetarian
dc53c3a8-a929-443f-b7f8-3cf900cfe1a7,Wilma,Satteford,wsatteford1b@engadget.com,M,XS,
c67e2fcd-d850-4d30-a469-5a61e8116e89,Barry,Reinhardt,breinhardt1c@google.co.jp,M,M,
072bdf61-0f63-4505-a6d9-47b961a7644b,Emelina,Helleker,ehelleker1d@accuweather.com,F,XS,
ea81b046-2635-47d6-8d45-fb4bee704be0,Itch,Reuven,ireuven1e@cmu.edu,M,M,Halal
7b330f1e-933d-4d71-b211-a926912c1ad6,Lissi,Denecamp,ldenecamp1f@usgs.gov,M,XL,Vegetarian
d38db7c5-30b7-4c3c-80d2-ab4b4ce2a84e,Bent,McCritichie,bmccritichie1g@clickbank.net,F,S,
f03fc903-0ed0-4eb4-bd01-99886e31783d,Alethea,Holby,aholby1h@auda.org.au,M,S,
a6896cca-e11a-4ebb-8305-27f786f9afe9,Pablo,Acome,pacome1i@bbb.org,M,S,
c14dc260-18df-45a0-898e-ba84e22fee41,Rriocard,Skillings,rskillings1j@samsung.com,F,M,
70d655f7-597b-4120-85d4-2e67ef2d8e70,Madelina,Courtier,mcourtier1k@xrea.com,M,S,
e56c86ee-1fca-4fa8-8091-5a0f5f3ed59c,Rodger,Slocumb,rslocumb1l@nba.com,M,L,
fbf3427b-d6af-4131-8104-e7298108e6dd,Skipton,Forlong,sforlong1m@addtoany.com,F,M,
4f287acc-7ab8-47c0-84a9-951dd3b92c0e,Kendal,Wyllie,kwyllie1n@ca.gov,M,XS,
0f154e46-7678-45e0-ae83-380d79bd19e8,Maurise,Elphinstone,melphinstone1o@tiny.cc,M,M,
d233b920-1682-494d-97bc-22f92348204d,Mari,Woolerton,mwoolerton1p@123-reg.co.uk,M,L,
99ccc201-b76b-4b42-801a-5de45d67c78d,Myles,Bullene,mbullene1q@dyndns.org,F,XL,
8f349fe3-1886-4812-8d0c-538411a94d52,Albina,Vardon,avardon1r@yahoo.co.jp,M,S,
eefa7261-429d-4921-90d0-f2f2ee67e0e3,Shem,Buzin,sbuzin1s@cnn.com,M,XS,
c44f97b1-0a56-44cd-b43d-47af0d6e195e,Suzi,Prosser,sprosser1t@linkedin.com,M,XS,
84e48e60-52f3-4cd2-a6c5-5dc524909fde,Mayne,Frantzen,mfrantzen1u@bloglines.com,M,S,
d272e1db-683e-4216-b933-c96d8b4e0b2d,Irving,McAughtry,imcaughtry1v@soup.io,M,M,
15d94030-e534-485f-ae6a-dff91633af9d,Maddy,Farress,mfarress1w@dell.com,M,M,Kosher
77b59da9-e9cb-41d0-9618-84d46cb45179,Sharyl,Aucott,saucott1x@domainmarket.com,M,M,
a2d24ccb-376c-404a-8fc3-7e160eef7c37,Lotte,Paulitschke,lpaulitschke1y@instagram.com,F,S,
3024a59b-e3da-48cf-9316-ab8399e36f0c,Laina,Le Prevost,lleprevost1z@edublogs.org,F,M,Halal
c490a64d-7497-45d1-b297-0be30822e868,Alla,Pickavant,apickavant20@storify.com,M,L,
b0f892a0-a397-457e-9f3b-d2f38d316c4c,Consalve,Matzeitis,cmatzeitis21@zdnet.com,M,S,
bca6abfd-61d2-4e37-8d32-e1661f6fda6e,Genna,Nott,gnott22@instagram.com,M,L,
16e8a9c2-27e1-43be-a5b6-12f3e3ad6e01,Ermin,Nielson,enielson23@techcrunch.com,M,M,
3764c0e9-270b-41a3-a95c-2132380e0bc4,Scotty,Hearmon,shearmon24@slideshare.net,M,XS,
ad0d76d7-dc85-4658-a821-4ebbc6d1c7cf,Tamarra,Gilli,tgilli25@miitbeian.gov.cn,F,S,
df5ad309-6148-47e8-8c30-d163272b1129,Kennie,Grahame,kgrahame26@g.co,M,L,
9a10cb5f-b9aa-4e95-8ceb-4f7b6923d59f,Tera,Leggitt,tleggitt27@soundcloud.com,M,M,
a632d766-8b0d-49be-aa1e-f7ff14fd7f35,Robbie,Gutherson,rgutherson28@mac.com,M,XS,
a9f8884c-a537-410b-ac9c-43a6b7556475,Huntlee,Cayette,hcayette29@theglobeandmail.com,M,XS,
a1bd00b7-e29c-4f3f-924f-c095930692e6,Barney,MacKnockiter,bmacknockiter2a@cbsnews.com,M,L,
71377935-e698-44ef-b188-08db9786181c,Horatius,Rubica,hrubica2b@eventbrite.com,M,M,
7f1df9b5-5c2e-4f63-a2b1-a6d561bbb440,Almire,Salliere,asalliere2c@spotify.com,M,XL,
dc8f91b2-8830-4a85-b1c7-dde5851967b3,Melodee,Davioud,mdavioud2d@house.gov,F,XL,Vegetarian
b319d712-c346-4ba2-8d6f-ea45fd732823,Eloise,Isselee,eisselee2e@lulu.com,M,XS,
e3665692-731b-4eb0-b69b-a3bf70e52259,Filippo,Youel,fyouel2f@amazonaws.com,F,L,Lactose intolerant
b353ef50-3eab-4661-87ca-5279531d36a7,Ivory,Guilliatt,iguilliatt2g@meetup.com,F,XS,
0aca8f88-0b98-41e9-9c2b-76ffe0cb02b4,Betti,Matveichev,bmatveichev2h@skype.com,M,M,
af0a3acd-01f9-44a6-9706-a9742a96028d,Diane-marie,Blofeld,dblofeld2i@sun.com,F,L,No pork
101dc220-9baf-4723-8fe9-a770dd3a23c3,Bellina,Messham,bmessham2j@nba.com,M,XS,
db118132-da34-4986-81a6-02af75fd8ab6,Hernando,Tonks,htonks2k@chicagotribune.com,F,S,
d15ccf1b-f843-4382-851c-678e2bb66e11,Kelvin,Jukes,kjukes2l@seesaa.net,M,XS,Kosher
d1f341dd-489f-4020-8077-ca8db68a8d8a,Lamond,Van den Velden,lvandenvelden2m@oakley.com,M,M,
dcbfb443-bd55-49ca-bb49-4705db7a150c,Damon,Whorf,dwhorf2n@nyu.edu,M,XS,
b58f342a-d020-40f1-9880-8af2b2505dd6,Karlyn,Curtin,kcurtin2o@seesaa.net,M,M,
5932e99d-88f8-4112-859f-82cb82061579,Pauline,Caney,pcaney2p@issuu.com,M,L,
02cbcd99-a92c-4c9a-a4bd-4bec95740d62,Gusella,Jebb,gjebb2q@diigo.com,M,XS,
2d9a6a45-6173-466d-9e23-2927bf04f3fd,Clerkclaude,Fretson,cfretson2r@answers.com,M,M,
0e2a8855-ce4d-4e90-b832-eafee3ade9e9,Jacklyn,Spinney,jspinney2s@51.la,M,XS,Halal
687498c5-45cf-4ce3-b1da-99d1efed2cff,Alexio,O'Loughnan,aoloughnan2t@yelp.com,M,XS,
23ed6bc8-be8a-4df9-a6f0-b9a2f5bb2216,Coralie,Lindro,clindro2u@wikipedia.org,M,L,No pork
818ba2ab-51ee-4b12-afa4-f67fc6d852f3,Doralin,Kubacek,dkubacek2v@marriott.com,M,M,
c0104299-b741-418a-a73c-664405966fed,Cully,Barensen,cbarensen2w@cnbc.com,F,S,Halal
31f5bae7-20fa-45e3-84e1-ff29f9411e5a,Kirsten,Fretter,kfretter2x@nationalgeographic.com,M,XS,
8f11e343-47c3-4970-a36f-d16ed2afbb52,Lisabeth,Valde,lvalde2y@woothemes.com,M,S,
77f5cdb1-22b3-4278-83e8-54e9256ed36e,Martita,Ruf,mruf2z@sogou.com,F,L,No pork/beef
46e919e6-fcc1-454f-9713-150b1819b7f0,Martainn,Swapp,mswapp30@sohu.com,M,XL,No pork
e506f843-96bc-4364-b766-0042dc68378c,Brennan,Gallaher,bgallaher31@alibaba.com,M,M,
f470afaa-9a03-4ae7-a7e6-ac640b3611a9,Ellette,Klossek,eklossek32@mozilla.org,F,S,
49fea979-e2f8-422b-8cee-525ab3d6d105,Baron,Pawelke,bpawelke33@w3.org,M,M,Lactose intolerant
55e962d7-8d33-48f0-8171-691fb65d9ef5,Xerxes,Frenchum,xfrenchum34@unesco.org,F,M,
de621bf0-7d0c-4324-828b-19152c1bb94d,Audra,Campa,acampa35@sciencedaily.com,M,XS,
2b4d32a1-f85d-4209-b40d-55069e75dd78,Quinta,Van Weedenburg,qvanweedenburg36@icq.com,M,S,Halal
6cf5d426-0f89-4799-b321-f77b37849dfa,Hoebart,Edsall,hedsall37@example.com,M,XXL,
e655df41-9d97-4d04-a48e-7e614a31f773,Jocelyne,Coulthurst,jcoulthurst38@bandcamp.com,M,M,
9319aa72-06d5-47d6-adf2-017a9e88f686,Gabie,Rippin,grippin39@networkadvertising.org,M,L,
bc983b49-0595-4317-acad-3ed9b1ecf5b8,Ginger,Hambright,ghambright3a@mozilla.org,F,L,
ba212683-180c-422f-9cef-2e4aca9a19c1,Madlen,MacTrusty,mmactrusty3b@about.me,M,S,
26ab54d9-2307-43ad-9d11-1d992d44d307,Gamaliel,Rao,grao3c@usgs.gov,M,L,
5ea1556c-c5ad-4e0e-86e9-5418082512c7,Harli,Gudde,hgudde3d@tamu.edu,M,L,
364a6419-c80d-47f8-8e69-b0339dc9bedb,Mirna,Brodeur,mbrodeur3e@slate.com,M,M,
2eb5facb-1022-4c12-b4f3-468cd6d33a07,Nathalie,Blount,nblount3f@behance.net,M,M,
3e30aa48-5d18-4087-a2d9-22a26e566778,Corrina,Sander,csander3g@hubpages.com,M,S,
b1c12157-8937-4f35-8231-f3a22b7e729d,Gaven,Zmitrovich,gzmitrovich3h@flickr.com,F,XXL,
36df23fc-7c81-459a-9d84-e85c3b97068c,Hobard,Curtiss,hcurtiss3i@soup.io,F,XXL,
693e899b-3c92-4bdf-9a55-140e405a0c46,Greggory,Advani,gadvani3j@nyu.edu,M,S,
572d876b-2f84-48f0-b25c-f19c08a06d84,Eveline,Daish,edaish3k@angelfire.com,F,M,
a0b42bf5-3ac3-449e-86e3-a3e9466bac2d,Amby,Moisey,amoisey3l@walmart.com,F,XS,Lactose intolerant
1d781516-477f-428b-af11-87254d3f15e2,Aldis,Powell,apowell3m@illinois.edu,M,L,
29b7687e-7815-4af7-96ae-f62abc124669,Arnie,Hurt,ahurt3n@soundcloud.com,M,L,
c03ec992-bb00-48ca-94d2-02ce366563da,Amber,Burder,aburder3o@squidoo.com,F,XL,
994f337f-a6b9-4c5b-a373-7a711e15325c,Jephthah,Culligan,jculligan3p@adobe.com,M,L,Halal
89e92ccd-2103-4630-aa6f-94a6d65c757d,Craggy,Bondesen,cbondesen3q@skyrock.com,M,L,
4373289f-dfc7-43f6-b09e-8bff0d3ee65d,Dasha,Durden,ddurden3r@furl.net,M,S,
de9913d5-32e3-40d8-a070-ed467d544f66,Jone,Barge,jbarge3s@ning.com,F,L,
fb7ba7bb-4e97-4403-b199-dcc6b3e6a7a7,Ingra,Juett,ijuett3t@fastcompany.com,M,M,Vegetarian
b5f675ee-f704-47b5-8a1b-dc3b1d431a24,Augustine,Rittelmeyer,arittelmeyer3u@usatoday.com,M,M,
d4f4a438-7f2d-4dc5-8e15-567afd64a7be,Tadeas,Bernadot,tbernadot3v@homestead.com,F,S,
08f03d5c-bf11-4183-bd0f-e566b38e9ecb,Rolfe,Holywell,rholywell3w@phpbb.com,M,M,
ec349b0f-4e62-4698-822f-6e204ffd5021,Bobbette,Minet,bminet3x@ycombinator.com,M,XS,Vegetarian
9b17e401-b398-4aa1-9878-455767883fb4,Odille,Farrants,ofarrants3y@adobe.com,M,S,
d7ad7407-9821-479c-90a0-ccff2e577d5e,Rois,Alven,ralven3z@clickbank.net,F,XS,
f07ebce9-c3dd-4e3a-9d48-bc1d6e3cb013,Pamelina,Beauly,pbeauly40@vkontakte.ru,M,XS,
35d06b4f-365a-4ccb-b8a8-6197453550ce,Maddie,Lindstrom,mlindstrom41@ucla.edu,M,XXL,
7be0a0d0-1b4b-40d9-a3b1-7d7b1092002a,Kimball,Durbridge,kdurbridge42@biglobe.ne.jp,M,S,Vegetarian
fa350a44-8419-462d-8e26-979511fcdce1,Maddalena,Brownsill,mbrownsill43@netscape.com,M,XS,Kosher
7a1624ab-5550-400b-90d8-b306a1486c63,Elisa,Broomhead,ebroomhead44@webmd.com,M,XS,
3dfbe83b-7694-4eee-93c0-183d2a050bd4,Drusy,Harrop,dharrop45@vkontakte.ru,M,S,
f0df8dc1-3bbd-40d5-8d60-b07b98a8f872,Vaughan,Wileman,vwileman46@imageshack.us,M,L,
3c5f8d22-3274-4069-939e-f6b510ae77e7,Derron,Fisby,dfisby47@theguardian.com,M,M,
b5287e4e-2e69-485b-9a41-eb44a9e8683c,Aurel,Threlkeld,athrelkeld48@japanpost.jp,M,XXL,
a175b818-f3b6-4fe6-86fe-a05e57873871,Celka,Newcomen,cnewcomen49@amazon.de,F,XS,
08fd13e6-4613-492b-96b0-eaa96e4df16b,Farrand,Readshall,freadshall4a@symantec.com,M,M,
c7553c00-17c4-4ab4-bb32-0f6544ada986,Hilda,Evensden,hevensden4b@craigslist.org,M,S,
a4f313c6-2763-42f2-95f0-71c92fc578f9,Loria,Behning,lbehning4c@arstechnica.com,M,XL,Vegetarian
63e4fcb1-7c31-4f41-bfe6-f57f4075bb22,Gusti,Pitherick,gpitherick4d@whitehouse.gov,M,XL,Vegetarian
ea7f9db8-02f3-4786-9c63-dc5f13f9546c,Mirelle,Kynd,mkynd4e@xrea.com,F,XXL,
81e3bd25-17c8-4aeb-8f41-8e660f8cfc11,Mile,Easman,measman4f@squarespace.com,M,XS,Halal
460a0a7b-eff0-48ea-8007-2e4ae76a23d6,Emily,Gellett,egellett4g@soup.io,M,M,Vegan
b7dfb02e-8946-4f43-8e36-613126333ddd,Holly-anne,Frontczak,hfrontczak4h@ebay.co.uk,M,XXL,Kosher
ce6c5a0a-9297-4c9b-852a-e5b608e4c964,Pernell,Parkhouse,pparkhouse4i@europa.eu,M,L,
2c730454-95b7-484b-967a-a583d3fe4df1,Florrie,Strathman,fstrathman4j@opera.com,M,S,
2386ffb3-f701-4abd-854f-77b5274aff6b,Troy,Lezemore,tlezemore4k@miibeian.gov.cn,F,S,
c4ab8ef4-30e6-482a-947a-6fe9bc64c0d1,West,Daleman,wdaleman4l@census.gov,F,XL,
d6295582-9394-4502-9417-0f85d013aa8a,Alisander,Kynston,akynston4m@chicagotribune.com,F,XL,Vegetarian
2adc26d0-7d13-4d52-82fd-59d3c3e10f46,Tomi,Wakely,twakely4n@xrea.com,M,XXL,
afbd8cf4-6f20-4d74-8127-17eed8e67461,Raff,Blount,rblount4o@amazon.co.jp,M,S,
4a2a7ddc-cd03-4eda-b388-92fe6d801e64,Carlynne,Jedrzejewsky,cjedrzejewsky4p@cbc.ca,M,M,Vegan
3252042c-d46a-4de4-8a50-6632fbbda4b1,Janeva,Gamage,jgamage4q@taobao.com,M,S,
c8fb707e-b87a-491b-b4e9-48ebe71b1a70,Dacy,Forward,dforward4r@bandcamp.com,M,M,
a46d83cd-961e-4092-8ec9-7c9528a50e83,Jannelle,Stollman,jstollman4s@hc360.com,M,XXL,
3eee24c6-a834-4a35-b602-68a2e589477c,Nancee,Bellini,nbellini4t@addtoany.com,M,M,Halal
bee0dc7c-4e7f-45a6-bfe2-d56682cab258,Myranda,Oxlee,moxlee4u@mapy.cz,M,XXL,
7fa5e4e8-c524-4e0b-a4a5-7e14300358ff,Karel,Middas,kmiddas4v@washingtonpost.com,M,M,
3477c2d2-e526-4f80-8a06-470b5cef89a8,Jessey,Holbarrow,jholbarrow4w@posterous.com,M,XS,
417257e8-0aa9-4eb7-9df7-d0258d709167,Rozanna,West-Frimley,rwestfrimley4x@over-blog.com,F,S,
76938daf-4916-4313-b995-d3ab8a7adb86,Chaddie,Innis,cinnis4y@liveinternet.ru,M,M,
89508c7a-c898-4aa6-b4ba-f1faefac0010,Jared,Wicklin,jwicklin4z@altervista.org,F,M,
d8f69702-2517-434b-9c0f-f4f535653101,Early,Ismay,eismay50@disqus.com,M,XS,
74c72180-6aec-471b-a812-e30565f1a0a7,Scotty,Moisey,smoisey51@sfgate.com,M,M,
03265a5b-118e-411f-9a3e-bd1d90953a17,Carrol,Kellough,ckellough52@bbc.co.uk,M,XXL,
f5dfb714-6070-4008-932f-eb90b0f360cd,Alex,Brunnen,abrunnen53@digg.com,M,XS,
8c0926c5-171e-4cc0-9cc0-e5c5a48c5557,Jeanelle,Espinola,jespinola54@bigcartel.com,M,XXL,Halal
38ba6556-1c19-44eb-a7fe-d86765d46095,Claude,Atlay,catlay55@examiner.com,M,XXL,Halal
44b506fe-c0c7-40f4-a560-34e2ae334221,Tristan,Ginnety,tginnety56@gnu.org,M,XL,Vegetarian
ef66d9ae-8f13-4d5e-b618-6513ec66bd41,Garrot,Lorenz,glorenz57@sun.com,M,M,
d94cbc91-7109-4e99-b5e5-8de4537adbe6,Datha,Marshal,dmarshal58@ed.gov,M,S,
092dce8b-0489-487c-a417-a07a815f6cde,Abbi,Spohrmann,aspohrmann59@marketwatch.com,M,M,
66c01685-9c3f-4dd5-a1b3-119bcf316f55,Niel,Lumox,nlumox5a@gnu.org,M,S,
90799973-04bd-4d1a-ad08-dcca474d3618,Kellyann,Trewman,ktrewman5b@boston.com,M,S,
f9b9f2b4-c4a2-4820-a6fa-1d1cc22345d6,Lyndsey,Geere,lgeere5c@unesco.org,M,L,
8269d39a-83a2-4b8b-af06-540c70bfb53c,Armin,Crewes,acrewes5d@goodreads.com,F,L,
5ad91e5f-5664-4bc9-88a4-4aae15da3826,Field,Hugett,fhugett5e@noaa.gov,M,S,
9e14d19f-9692-4732-b916-fbb0ab8c33af,Diana,Adriani,dadriani5f@samsung.com,F,XS,
149e50d9-f3b7-4014-9607-7f5102176df2,Emilio,Alliott,ealliott5g@addtoany.com,M,S,
76094b6b-7674-47a8-9866-5d51b4e4c44a,Sergio,Forster,sforster5h@europa.eu,F,M,
907596d3-b560-4e73-b839-58c863a31173,Aguistin,Roylance,aroylance5i@squarespace.com,M,L,Vegetarian
10046ddd-a85e-431a-ac4f-22e69a259324,Natka,Thompstone,nthompstone5j@acquirethisname.com,M,M,
8c3c9d11-3b09-4bcd-8cf0-2b77f05fe806,Daisi,Hardwich,dhardwich5k@cyberchimps.com,F,S,Halal
5109db6f-95d5-4130-9a48-a0d2ee95425e,Susanne,Petrishchev,spetrishchev5l@hao123.com,M,S,Lactose intolerant
5e021340-82f8-4d43-bc93-0c7f98d1ade8,Aime,Spadollini,aspadollini5m@exblog.jp,M,S,
ad028e08-6da5-41e0-ab6a-e28f39d645e4,Gilberto,Laroze,glaroze5n@theatlantic.com,M,M,
c0411c3d-6922-4b1a-90d2-594453fd7220,Tymon,Gilliard,tgilliard5o@mysql.com,F,M,Halal
436254ed-7fad-4621-930b-b0dd6b6d6dbe,Binnie,Andreopolos,bandreopolos5p@nhs.uk,M,XL,
3ee7360d-4069-49a7-91a1-83fc07e50687,Cos,Buist,cbuist5q@vkontakte.ru,F,XXL,
a10c283d-406d-477e-a13d-7ecb32222265,Aline,Tuffrey,atuffrey5r@arstechnica.com,M,S,Vegetarian
2b3569a4-2e25-4037-b64f-b85588ea271a,Ada,Kleen,akleen5s@newyorker.com,F,XXL,Vegetarian
9ea6d2a0-67c5-40e4-991f-e95a36e53460,Giffer,Farnorth,gfarnorth5t@mtv.com,M,S,Vegan
30f6fb41-20e7-4759-8227-c97501f5ea73,Siegfried,Cousins,scousins5u@nifty.com,M,M,
42eaa00f-1cd5-495e-a641-b86679fb118e,Andris,Gorey,agorey5v@forbes.com,F,S,
2bc6fdfb-a46b-475f-8587-b1ee9b7f19cb,Laurel,Benes,lbenes5w@wired.com,M,M,
1df7a4c9-dc4c-4f98-b64e-fabbb35250ac,Dita,Casazza,dcasazza5x@guardian.co.uk,F,XS,
e14e6d95-87e4-426b-9c51-a9c6945aaab9,Sabra,Compton,scompton5y@liveinternet.ru,M,L,Halal
7fcebd81-1dd0-4c5d-81f6-c1d61e1d5377,Ivette,Colleymore,icolleymore5z@wunderground.com,M,XS,
88e4a63b-e54f-4dbc-a7f3-c52131c9263c,Lurlene,Sheepy,lsheepy60@woothemes.com,F,L,
537e099a-89c2-4ec8-965e-8610e1b06857,Sydel,Muehle,smuehle61@list-manage.com,F,XS,
b8d6a6c5-5259-4ac2-87a5-f14ec8d019aa,Agneta,Measom,ameasom62@state.gov,F,XS,
55c579f0-d3eb-4746-aea5-550bea2f048e,Lebbie,Dufton,ldufton63@cornell.edu,M,M,
ef4e385c-2ab2-4b79-9b23-32c7aa42b689,Meggi,Bardwell,mbardwell64@cmu.edu,M,XXL,
d7c6bb4a-a718-4178-bfab-b2807638b977,Arlene,Grabiec,agrabiec65@illinois.edu,F,S,Vegetarian
4a000abb-a51a-4bc5-b095-886d4a9281b2,Lona,Westmerland,lwestmerland66@rediff.com,F,M,
aa1daa9b-98d5-4d4c-9aad-421ee643ffc3,Bondie,Ecclesall,becclesall67@squarespace.com,M,XXL,
10c54f43-82a3-474c-b4a4-59c79db6ff13,Kara-lynn,Startin,kstartin68@ebay.co.uk,F,M,No pork/beef
4e06d411-f9b8-4bbe-9dab-70e1fab4aa92,Ericka,Cookes,ecookes69@yale.edu,M,XS,Halal
4f022ab6-d5e6-48d3-954c-6152c8881180,Chantalle,Little,clittle6a@blogs.com,M,XXL,
f4fce787-9035-44c0-a0b6-f2daf3520eb9,Klaus,Baert,kbaert6b@indiegogo.com,M,L,
74364a92-6174-4df5-8d0c-7887b3f1ef27,Saba,Donn,sdonn6c@over-blog.com,F,XL,
1b9422c9-7393-4321-b2b0-1dde7fc47a99,Kesley,Matthiesen,kmatthiesen6d@narod.ru,F,M,No pork
3da14fa8-acea-47bd-8e6e-5a0e43f2b48c,Georgeanna,Frisby,gfrisby6e@tiny.cc,F,M,Halal
9bce0ea4-7036-4ba3-b20a-3356d028289b,Desdemona,Kite,dkite6f@arizona.edu,M,S,
e9a494f7-6197-49e8-a8f2-d81f13adee1b,Lea,Tiptaft,ltiptaft6g@lycos.com,F,L,
1459b8a0-82a8-40f9-8d78-f70a82c17d8a,Ban,Cicerone,bcicerone6h@imageshack.us,M,M,
8361ad49-6500-49eb-993d-c31dac44a3d8,Aigneis,Ismead,aismead6i@economist.com,M,M,
88976495-2971-4849-9395-37f343470b89,Meris,Meenehan,mmeenehan6j@cdc.gov,M,M,Vegetarian
873b1501-09a3-4e17-b71e-fbec2e568909,Ardine,Eringey,aeringey6k@elpais.com,M,S,
117eae44-3aa6-4a4a-be9c-7a17108d8fd6,Drusi,Cheverell,dcheverell6l@mac.com,F,XXL,Halal
37ad35dd-039b-48e8-b76c-218fba12ae30,Elisha,Kubalek,ekubalek6m@sina.com.cn,F,L,
61f72d81-f26a-47d1-a5d4-9f26b8ad4c8c,Doll,Gricks,dgricks6n@networksolutions.com,M,S,Halal
78da1443-9286-49a7-8b7e-699b44cad3f6,Amery,Sidebotham,asidebotham6o@phoca.cz,M,S,
dd438bd6-c0a9-45a5-b58e-42fe2bb9575f,Gisele,Gebhardt,ggebhardt6p@tinypic.com,M,S,
a2d02f12-9edf-4a6e-a1e1-95cb609959c3,Hewett,Wedderburn,hwedderburn6q@jimdo.com,F,S,Halal
787d0107-1b60-4a67-b684-e49bb4d3a9c7,Carlye,Goligly,cgoligly6r@livejournal.com,F,S,
d1463720-1e74-4978-9d61-be7c1f2f3427,Mag,Millin,mmillin6s@squidoo.com,M,XS,
e3d1f617-af12-4f0a-8e71-90561d74f307,Cherice,Dutt,cdutt6t@reference.com,F,S,
60937436-5ade-4de5-bf8b-690a2d2300d1,Alfy,Fargher,afargher6u@shutterfly.com,F,M,
ff04cfee-e29b-41e8-bf17-10926b8ce087,Andrea,Suggate,asuggate6v@cloudflare.com,M,M,
d05c6523-6745-4486-8744-f7e70860320a,Celka,Bagg,cbagg6w@dion.ne.jp,F,XS,No pork
22288673-defa-4026-a172-50d6497bbd99,Faustina,Sugden,fsugden6x@wufoo.com,M,XS,No pork/beef
668faf33-3501-4586-b57c-a90e00fcddcf,Bartholomeus,Hulburd,bhulburd6y@earthlink.net,F,S,
c74c4dba-1796-4f2f-9260-79fdeb9eb4c7,Sophronia,Andreasen,sandreasen6z@economist.com,M,XS,
50dc4efd-33d7-47ef-a034-09079268c6a4,Druci,Vane,dvane70@sohu.com,M,XL,Halal
2d6bb990-3664-4784-b150-87a129b62f71,Valentino,Rounce,vrounce71@loc.gov,M,XS,Halal
e2c6564c-4dcb-4528-bacb-67f4fbdab5ac,Merle,Witherden,mwitherden72@simplemachines.org,M,M,
9ee69d3e-745a-410e-ab79-aa18989927ec,Minne,Moodie,mmoodie73@epa.gov,M,M,
ad57fc92-2d21-4a88-8e53-0391befc60b7,Emmet,Aseef,easeef74@nationalgeographic.com,F,L,Vegan
aa738a76-911c-4aae-b5c5-a5f12836cb4d,Josiah,Reddel,jreddel75@google.com,M,S,
5c86753f-83b7-4c64-a77b-61316de8ad46,Kirstin,Mowsdell,kmowsdell76@nationalgeographic.com,F,M,
919ce78d-6f14-4f6e-9f09-92f5efa69f76,Edna,Ridett,eridett77@tinyurl.com,M,XS,
9f1f4922-75db-4257-a255-b00e44783121,Hetti,McEvilly,hmcevilly78@aol.com,M,M,
3a9897c2-0aa2-4070-a12f-a047ecf2d7c7,Daniele,Ivanets,divanets79@themeforest.net,M,S,Vegan
54e7c347-a15f-456b-ba41-e509d5d96c3d,Brandon,Budgeon,bbudgeon7a@bing.com,M,XS,
0a860c0b-a141-4755-86f0-7716e950809d,Doretta,Kermannes,dkermannes7b@virginia.edu,M,XS,No pork
5c012e93-e4ba-4792-9e50-3ccf507adb60,Giusto,Winteringham,gwinteringham7c@youtube.com,M,M,
6cb0c4af-d76b-413e-bce2-63529f806ed4,Florentia,Petrushanko,fpetrushanko7d@surveymonkey.com,F,S,No pork/beef
181c9a78-b22c-429b-9180-a9e9da8406f8,Skylar,Duggary,sduggary7e@slideshare.net,F,XS,
14fdea4b-4302-4f73-8727-550316b8de7d,Nels,Bricham,nbricham7f@cocolog-nifty.com,M,L,Vegetarian
5d90fc4f-9105-489c-9a71-bf8e90c5edce,Phelia,Serot,pserot7g@unesco.org,F,M,
debaab86-2d69-4a5d-a2d6-d8dcf7edfd25,Devinne,Hardes,dhardes7h@businessweek.com,F,XS,Vegan
048b5307-51fe-4937-b945-928b3a705ac5,Delila,Dady,ddady7i@mediafire.com,M,S,
3a41dfe6-fd97-49ca-89e8-3ef2dbcece3f,Jenda,Whittlesee,jwhittlesee7j@gravatar.com,M,L,
4406da1a-ecf5-48ec-8460-34d5a6a29fec,Hayden,Holley,hholley7k@odnoklassniki.ru,M,S,
a01ada5d-5b6d-4962-9588-6889f285bded,Nettie,Bardey,nbardey7l@friendfeed.com,M,M,
b1bc13b9-a895-4e0f-9b0b-ae88fd8ccdd5,Steward,Maps,smaps7m@blog.com,M,XS,Halal
9b3bce8e-bafc-4060-9789-61373e74ed2e,Kermy,Chalcroft,kchalcroft7n@reference.com,M,S,
baf8e6f9-ce1a-4a35-8e0d-13d195298144,Ora,Olyunin,oolyunin7o@yahoo.com,M,L,
585f1560-b934-4c00-8e35-b2b1c7d5bd42,Bryana,Wyne,bwyne7p@scientificamerican.com,M,XXL,Lactose intolerant
29c32ccd-d009-47b9-a64f-4ca9609bad17,Torin,Clutram,tclutram7q@php.net,M,XS,Vegetarian
a9f89476-1359-4f67-b6aa-e83be177f417,Irwin,Stendall,istendall7r@exblog.jp,M,S,Halal
f7f9bf43-633e-4d6c-b0ff-f0983ab5cb35,Borg,McCrystal,bmccrystal7s@unicef.org,M,S,Vegetarian
6c03d2b4-a49d-4308-8008-4bc025587065,Adria,Kubin,akubin7t@google.com.au,M,L,
95578b88-f942-4e0e-9d28-13bf3ae0facd,Nicola,Hammerton,nhammerton7u@whitehouse.gov,F,M,
b9398451-4d9f-4485-8554-6db8c697283d,Wallie,Danilyuk,wdanilyuk7v@sourceforge.net,F,XL,
2e847b37-b444-4887-8a8b-483a82b34f86,Appolonia,Raysdale,araysdale7w@unesco.org,M,M,Vegan
9b9a2a4a-bb0c-46fb-b74e-1f81a2264872,Whitby,Adanez,wadanez7x@youku.com,M,M,
997ea696-4597-4873-847d-66d86d5431f1,Eachelle,Antoniades,eantoniades7y@360.cn,M,S,
5345da3d-3fae-447f-a826-2cd5c36d5cca,Chandler,Brash,cbrash7z@wisc.edu,M,M,
8fd7003f-3d38-4143-9ae6-b186572ee95e,Adi,Presnall,apresnall80@nationalgeographic.com,F,M,
1b4f9999-fa6a-48f5-9ea0-f7fafee8727f,Norma,Dyneley,ndyneley81@domainmarket.com,F,L,
9d57be0f-9c1e-43af-9e31-40436f35e239,Adelice,Hackworth,ahackworth82@csmonitor.com,M,M,
a6e5ca07-2e2d-4438-bdec-56a335d028bb,Joleen,Danielut,jdanielut83@google.nl,M,XXL,
2dd63b49-ae75-458e-93c5-41cbec82330e,Rosa,Churcher,rchurcher84@gizmodo.com,F,XL,Vegetarian
01d84108-5383-41d3-a252-f9b1931be590,Wash,Frankcomb,wfrankcomb85@usatoday.com,F,XS,Halal
879a1e09-d0b9-4a93-95bd-a485d2cf6c41,Charisse,Friskey,cfriskey86@mysql.com,M,L,
fea80c09-2c07-41a8-93ce-9784068f12bf,Shane,Tivenan,stivenan87@ucoz.com,F,XL,No pork/beef
80eefdd9-015e-4d6c-ba27-b7ee3b003d88,Lavena,Woodison,lwoodison88@com.com,M,XS,
64afc2ba-6ec7-476b-9d07-76dbb801561d,Car,Waszczyk,cwaszczyk89@eepurl.com,M,XS,
363ba93c-d41e-4f2b-bb4e-620336997186,Gerrilee,Fairbrother,gfairbrother8a@google.nl,F,M,
97de5eb4-668b-40e7-b0b4-5558246aaf31,Bil,Trenear,btrenear8b@ihg.com,M,S,